{
  "container_startup_time": 18.384021043777466,
  "code_executions": [
    {
      "time": 0.4924459457397461,
      "timestamp": 1744211707.7882628,
      "code_snippet": "\nimport pickle, base64\nvars_dict = pickle.loads(ba...",
      "success": true
    },
    {
      "time": 71.8155632019043,
      "timestamp": 1744211779.6052349,
      "code_snippet": "!pip install smolagents\nfrom smolagents import Too...",
      "success": true
    },
    {
      "time": 0.029967784881591797,
      "timestamp": 1744211788.931818,
      "code_snippet": "instructions = carrot(input_value=\"Hello World\")\np...",
      "success": true
    },
    {
      "time": 0.010344982147216797,
      "timestamp": 1744211801.796018,
      "code_snippet": "print(repr(42))",
      "success": true
    }
  ],
  "total_execution_time": 72.34832191467285,
  "num_executions": 4
}