{
  "container_startup_time": 18.226540088653564,
  "code_executions": [
    {
      "time": 0.6884031295776367,
      "timestamp": 1744211703.549628,
      "code_snippet": "\nimport pickle, base64\nvars_dict = pickle.loads(ba...",
      "success": true
    },
    {
      "time": 60.790566205978394,
      "timestamp": 1744211764.341666,
      "code_snippet": "!pip install smolagents\nfrom smolagents import Too...",
      "success": true
    },
    {
      "time": 0.17891716957092285,
      "timestamp": 1744211772.917275,
      "code_snippet": "input_value = \"Hello World\"\ninstructions = carrot(...",
      "success": true
    },
    {
      "time": 0.02320575714111328,
      "timestamp": 1744211781.4223979,
      "code_snippet": "print(repr(42))",
      "success": true
    }
  ],
  "total_execution_time": 61.681092262268066,
  "num_executions": 4
}