{
  "container_startup_time": 20.40200710296631,
  "code_executions": [
    {
      "time": 0.8141391277313232,
      "timestamp": 1744211706.243902,
      "code_snippet": "\nimport pickle, base64\nvars_dict = pickle.loads(ba...",
      "success": true
    },
    {
      "time": 69.62351703643799,
      "timestamp": 1744211775.8710558,
      "code_snippet": "!pip install smolagents\nfrom smolagents import Too...",
      "success": true
    },
    {
      "time": 0.06551098823547363,
      "timestamp": 1744211779.348546,
      "code_snippet": "result = carrot(input_value=\"Hello World\")\nprint(r...",
      "success": true
    },
    {
      "time": 0.024420976638793945,
      "timestamp": 1744211788.4883368,
      "code_snippet": "print(repr(42))",
      "success": true
    }
  ],
  "total_execution_time": 70.52758812904358,
  "num_executions": 4
}