{
  "container_startup_time": 19.374788284301758,
  "code_executions": [
    {
      "time": 0.6494848728179932,
      "timestamp": 1744211708.397436,
      "code_snippet": "\nimport pickle, base64\nvars_dict = pickle.loads(ba...",
      "success": true
    },
    {
      "time": 71.19070482254028,
      "timestamp": 1744211779.599143,
      "code_snippet": "!pip install smolagents\nfrom smolagents import Too...",
      "success": true
    },
    {
      "time": 0.011791229248046875,
      "timestamp": 1744211790.1408699,
      "code_snippet": "import random\nimport string\n\ndef generate_random_s...",
      "success": true
    },
    {
      "time": 0.02185988426208496,
      "timestamp": 1744211806.215949,
      "code_snippet": "print(repr(42))",
      "success": true
    }
  ],
  "total_execution_time": 71.87384080886841,
  "num_executions": 4
}