{
  "container_startup_time": 11.686288833618164,
  "code_executions": [
    {
      "time": 1.3022489547729492,
      "timestamp": 1744211694.8379562,
      "code_snippet": "\nimport pickle, base64\nvars_dict = pickle.loads(ba...",
      "success": true
    },
    {
      "time": 54.01600003242493,
      "timestamp": 1744211748.860702,
      "code_snippet": "!pip install smolagents\nfrom smolagents import Too...",
      "success": true
    },
    {
      "time": 0.2576158046722412,
      "timestamp": 1744211753.391886,
      "code_snippet": "import random\nimport string\n\ndef generate_random_s...",
      "success": true
    },
    {
      "time": 0.2965860366821289,
      "timestamp": 1744211756.7861068,
      "code_snippet": "print(repr(42))",
      "success": true
    }
  ],
  "total_execution_time": 55.872450828552246,
  "num_executions": 4
}