{
  "container_startup_time": 14.280473947525024,
  "code_executions": [
    {
      "time": 0.5032570362091064,
      "timestamp": 1744211700.319211,
      "code_snippet": "\nimport pickle, base64\nvars_dict = pickle.loads(ba...",
      "success": true
    },
    {
      "time": 44.829859018325806,
      "timestamp": 1744211745.1531699,
      "code_snippet": "!pip install smolagents\nfrom smolagents import Too...",
      "success": true
    },
    {
      "time": 0.033067941665649414,
      "timestamp": 1744211747.618449,
      "code_snippet": "instructions = carrot(input_value=\"Hello World\")\np...",
      "success": true
    },
    {
      "time": 0.5269660949707031,
      "timestamp": 1744211754.770544,
      "code_snippet": "print(repr(42))",
      "success": true
    }
  ],
  "total_execution_time": 45.893150091171265,
  "num_executions": 4
}