{
  "container_startup_time": 17.38909411430359,
  "code_executions": [
    {
      "time": 0.8284637928009033,
      "timestamp": 1744211702.592834,
      "code_snippet": "\nimport pickle, base64\nvars_dict = pickle.loads(ba...",
      "success": true
    },
    {
      "time": 73.073655128479,
      "timestamp": 1744211775.6709068,
      "code_snippet": "!pip install smolagents\nfrom smolagents import Too...",
      "success": true
    },
    {
      "time": 0.03429770469665527,
      "timestamp": 1744211782.598826,
      "code_snippet": "instructions = carrot(input_value=\"hello\")\nprint(i...",
      "success": true
    },
    {
      "time": 0.009945154190063477,
      "timestamp": 1744211793.72138,
      "code_snippet": "print(repr(42))",
      "success": true
    }
  ],
  "total_execution_time": 73.94636178016663,
  "num_executions": 4
}