{
  "container_startup_time": 5.583890914916992,
  "code_executions": [
    {
      "time": 0.42229199409484863,
      "timestamp": 1744211685.878336,
      "code_snippet": "\nimport pickle, base64\nvars_dict = pickle.loads(ba...",
      "success": true
    },
    {
      "time": 41.07973289489746,
      "timestamp": 1744211726.963203,
      "code_snippet": "!pip install smolagents\nfrom smolagents import Too...",
      "success": true
    },
    {
      "time": 0.1647171974182129,
      "timestamp": 1744211729.769096,
      "code_snippet": "import random\ninput_value = str(random.randint(1, ...",
      "success": true
    },
    {
      "time": 0.06314969062805176,
      "timestamp": 1744211733.540936,
      "code_snippet": "print(repr(42))",
      "success": true
    }
  ],
  "total_execution_time": 41.729891777038574,
  "num_executions": 4
}