{
  "container_startup_time": 18.528433084487915,
  "code_executions": [
    {
      "time": 0.639869213104248,
      "timestamp": 1744211704.582099,
      "code_snippet": "\nimport pickle, base64\nvars_dict = pickle.loads(ba...",
      "success": true
    },
    {
      "time": 69.36196780204773,
      "timestamp": 1744211773.946741,
      "code_snippet": "!pip install smolagents\nfrom smolagents import Too...",
      "success": true
    },
    {
      "time": 0.01990795135498047,
      "timestamp": 1744211782.253289,
      "code_snippet": "input_value = \"Hello World\"\ninstructions = carrot(...",
      "success": true
    },
    {
      "time": 0.020966768264770508,
      "timestamp": 1744211790.632342,
      "code_snippet": "print(repr(42))",
      "success": true
    }
  ],
  "total_execution_time": 70.04271173477173,
  "num_executions": 4
}