{
  "container_startup_time": 17.85229516029358,
  "code_executions": [
    {
      "time": 0.7571167945861816,
      "timestamp": 1744211704.27148,
      "code_snippet": "\nimport pickle, base64\nvars_dict = pickle.loads(ba...",
      "success": true
    },
    {
      "time": 62.08067321777344,
      "timestamp": 1744211766.361375,
      "code_snippet": "!pip install smolagents\nfrom smolagents import Too...",
      "success": true
    },
    {
      "time": 0.2785301208496094,
      "timestamp": 1744211769.607959,
      "code_snippet": "input_value = \"Hello World\"\noutput = carrot(input_...",
      "success": true
    },
    {
      "time": 0.253741979598999,
      "timestamp": 1744211778.531678,
      "code_snippet": "print(repr(42))",
      "success": true
    }
  ],
  "total_execution_time": 63.37006211280823,
  "num_executions": 4
}