{
  "container_startup_time": 15.21589994430542,
  "code_executions": [
    {
      "time": 0.6719150543212891,
      "timestamp": 1744211699.0081,
      "code_snippet": "\nimport pickle, base64\nvars_dict = pickle.loads(ba...",
      "success": true
    },
    {
      "time": 53.02135396003723,
      "timestamp": 1744211752.0336819,
      "code_snippet": "!pip install smolagents\nfrom smolagents import Too...",
      "success": true
    },
    {
      "time": 0.43203210830688477,
      "timestamp": 1744211762.299257,
      "code_snippet": "import random\ninput_value = str(random.randint(1, ...",
      "success": true
    },
    {
      "time": 0.3165092468261719,
      "timestamp": 1744211769.647994,
      "code_snippet": "print(repr(42))",
      "success": true
    }
  ],
  "total_execution_time": 54.44181036949158,
  "num_executions": 4
}