{
  "container_startup_time": 13.504528760910034,
  "code_executions": [
    {
      "time": 0.8797099590301514,
      "timestamp": 1744211696.836642,
      "code_snippet": "\nimport pickle, base64\nvars_dict = pickle.loads(ba...",
      "success": true
    },
    {
      "time": 49.66449475288391,
      "timestamp": 1744211746.504674,
      "code_snippet": "!pip install smolagents\nfrom smolagents import Too...",
      "success": true
    },
    {
      "time": 0.2527797222137451,
      "timestamp": 1744211750.973663,
      "code_snippet": "output = carrot(input_value=\"Hello World\")\nprint(o...",
      "success": true
    },
    {
      "time": 0.37585973739624023,
      "timestamp": 1744211757.218913,
      "code_snippet": "print(repr(42))",
      "success": true
    }
  ],
  "total_execution_time": 51.17284417152405,
  "num_executions": 4
}