{
  "container_startup_time": 13.745421886444092,
  "code_executions": [
    {
      "time": 0.8768870830535889,
      "timestamp": 1744211696.555892,
      "code_snippet": "\nimport pickle, base64\nvars_dict = pickle.loads(ba...",
      "success": true
    },
    {
      "time": 57.25157594680786,
      "timestamp": 1744211753.810857,
      "code_snippet": "!pip install smolagents\nfrom smolagents import Too...",
      "success": true
    },
    {
      "time": 0.47829198837280273,
      "timestamp": 1744211760.72635,
      "code_snippet": "output = carrot(input_value=\"hello\")\nprint(output)",
      "success": true
    },
    {
      "time": 0.5972900390625,
      "timestamp": 1744211768.476234,
      "code_snippet": "print(repr(42))",
      "success": true
    }
  ],
  "total_execution_time": 59.20404505729675,
  "num_executions": 4
}