{
  "container_startup_time": 14.53287124633789,
  "code_executions": [
    {
      "time": 0.6852631568908691,
      "timestamp": 1744211698.574961,
      "code_snippet": "\nimport pickle, base64\nvars_dict = pickle.loads(ba...",
      "success": true
    },
    {
      "time": 50.60894799232483,
      "timestamp": 1744211749.1862888,
      "code_snippet": "!pip install smolagents\nfrom smolagents import Too...",
      "success": true
    },
    {
      "time": 0.06549406051635742,
      "timestamp": 1744211751.44914,
      "code_snippet": "instructions = carrot(input_value=\"Hello World\")\np...",
      "success": true
    },
    {
      "time": 0.5636618137359619,
      "timestamp": 1744211756.414495,
      "code_snippet": "print(repr(42))",
      "success": true
    }
  ],
  "total_execution_time": 51.92336702346802,
  "num_executions": 4
}