{
  "container_startup_time": 3.2920827865600586,
  "code_executions": [
    {
      "time": 0.3245580196380615,
      "timestamp": 1744211682.3972301,
      "code_snippet": "\nimport pickle, base64\nvars_dict = pickle.loads(ba...",
      "success": true
    },
    {
      "time": 36.42158842086792,
      "timestamp": 1744211718.835072,
      "code_snippet": "!pip install smolagents\nfrom smolagents import Too...",
      "success": true
    },
    {
      "time": 0.028148412704467773,
      "timestamp": 1744211722.1002848,
      "code_snippet": "import random\ninput_value = str(random.randint(1, ...",
      "success": true
    },
    {
      "time": 0.05094194412231445,
      "timestamp": 1744211724.609427,
      "code_snippet": "print(repr(42))",
      "success": true
    }
  ],
  "total_execution_time": 36.825236797332764,
  "num_executions": 4
}