{
  "container_startup_time": 17.70994806289673,
  "code_executions": [
    {
      "time": 0.7049968242645264,
      "timestamp": 1744211705.887774,
      "code_snippet": "\nimport pickle, base64\nvars_dict = pickle.loads(ba...",
      "success": true
    },
    {
      "time": 73.26815271377563,
      "timestamp": 1744211779.159005,
      "code_snippet": "!pip install smolagents\nfrom smolagents import Too...",
      "success": true
    },
    {
      "time": 0.018957138061523438,
      "timestamp": 1744211798.6317499,
      "code_snippet": "input_value = \"Hello World\"\ninstructions = carrot(...",
      "success": true
    },
    {
      "time": 0.020075082778930664,
      "timestamp": 1744211808.669111,
      "code_snippet": "print(repr(42))",
      "success": true
    }
  ],
  "total_execution_time": 74.01218175888062,
  "num_executions": 4
}