{
  "container_startup_time": 3.6965129375457764,
  "code_executions": [
    {
      "time": 0.16829514503479004,
      "timestamp": 1744211683.607417,
      "code_snippet": "\nimport pickle, base64\nvars_dict = pickle.loads(ba...",
      "success": true
    },
    {
      "time": 38.43478798866272,
      "timestamp": 1744211722.046509,
      "code_snippet": "!pip install smolagents\nfrom smolagents import Too...",
      "success": true
    },
    {
      "time": 0.43064093589782715,
      "timestamp": 1744211728.248086,
      "code_snippet": "result = carrot(input_value=\"Hello, World!\")\nprint...",
      "success": true
    },
    {
      "time": 0.11261200904846191,
      "timestamp": 1744211736.28491,
      "code_snippet": "print(repr(42))",
      "success": true
    }
  ],
  "total_execution_time": 39.1463360786438,
  "num_executions": 4
}