{
  "container_startup_time": 20.27501082420349,
  "code_executions": [
    {
      "time": 0.6099700927734375,
      "timestamp": 1744211705.643584,
      "code_snippet": "\nimport pickle, base64\nvars_dict = pickle.loads(ba...",
      "success": true
    },
    {
      "time": 74.41437268257141,
      "timestamp": 1744211780.0605152,
      "code_snippet": "!pip install smolagents\nfrom smolagents import Too...",
      "success": true
    },
    {
      "time": 0.03826713562011719,
      "timestamp": 1744211816.8196962,
      "code_snippet": "import random\nimport string\n\ndef generate_random_s...",
      "success": true
    },
    {
      "time": 0.017559051513671875,
      "timestamp": 1744211844.480224,
      "code_snippet": "print(repr(42))",
      "success": true
    }
  ],
  "total_execution_time": 75.08016896247864,
  "num_executions": 4
}