{
  "container_startup_time": 4.0765931606292725,
  "code_executions": [
    {
      "time": 0.28139710426330566,
      "timestamp": 1744211683.836013,
      "code_snippet": "\nimport pickle, base64\nvars_dict = pickle.loads(ba...",
      "success": true
    },
    {
      "time": 39.02077102661133,
      "timestamp": 1744211722.863113,
      "code_snippet": "!pip install smolagents\nfrom smolagents import Too...",
      "success": true
    },
    {
      "time": 0.38858532905578613,
      "timestamp": 1744211728.238312,
      "code_snippet": "input_value = \"Hello World\"\ninstructions = carrot(...",
      "success": true
    },
    {
      "time": 0.022056102752685547,
      "timestamp": 1744211730.311651,
      "code_snippet": "print(repr(42))",
      "success": true
    }
  ],
  "total_execution_time": 39.712809562683105,
  "num_executions": 4
}