{
  "container_startup_time": 16.52472496032715,
  "code_executions": [
    {
      "time": 0.8512141704559326,
      "timestamp": 1744211701.51085,
      "code_snippet": "\nimport pickle, base64\nvars_dict = pickle.loads(ba...",
      "success": true
    },
    {
      "time": 65.38966393470764,
      "timestamp": 1744211766.901886,
      "code_snippet": "!pip install smolagents\nfrom smolagents import Too...",
      "success": true
    },
    {
      "time": 0.4175429344177246,
      "timestamp": 1744211776.023138,
      "code_snippet": "input_value = \"Hello World\"\noutput = carrot(input_...",
      "success": true
    },
    {
      "time": 0.011313915252685547,
      "timestamp": 1744211792.007605,
      "code_snippet": "print(repr(42))",
      "success": true
    }
  ],
  "total_execution_time": 66.66973495483398,
  "num_executions": 4
}