{
  "container_startup_time": 17.325897932052612,
  "code_executions": [
    {
      "time": 0.46973705291748047,
      "timestamp": 1744211707.8526201,
      "code_snippet": "\nimport pickle, base64\nvars_dict = pickle.loads(ba...",
      "success": true
    },
    {
      "time": 69.49069333076477,
      "timestamp": 1744211777.3451881,
      "code_snippet": "!pip install smolagents\nfrom smolagents import Too...",
      "success": true
    },
    {
      "time": 0.012360334396362305,
      "timestamp": 1744211785.8544059,
      "code_snippet": "output = carrot(input_value=\"test\")\nprint(output)",
      "success": true
    },
    {
      "time": 0.037782907485961914,
      "timestamp": 1744211797.2199302,
      "code_snippet": "print(repr(42))",
      "success": true
    }
  ],
  "total_execution_time": 70.01057362556458,
  "num_executions": 4
}