{
  "container_startup_time": 3.009697198867798,
  "code_executions": [
    {
      "time": 0.08831000328063965,
      "timestamp": 1744211541.881133,
      "code_snippet": "\nimport pickle, base64\nvars_dict = pickle.loads(ba...",
      "success": true
    },
    {
      "time": 24.980249166488647,
      "timestamp": 1744211566.8628101,
      "code_snippet": "!pip install smolagents\nfrom smolagents import Too...",
      "success": true
    },
    {
      "time": 0.027319908142089844,
      "timestamp": 1744211569.374052,
      "code_snippet": "input_value = \"Hello World\"\ninstructions = carrot(...",
      "success": true
    },
    {
      "time": 0.0395960807800293,
      "timestamp": 1744211573.095914,
      "code_snippet": "print(repr(42))",
      "success": true
    }
  ],
  "total_execution_time": 25.135475158691406,
  "num_executions": 4
}