{
  "container_startup_time": 5.594438076019287,
  "code_executions": [
    {
      "time": 0.05053210258483887,
      "timestamp": 1744211548.5182521,
      "code_snippet": "\nimport pickle, base64\nvars_dict = pickle.loads(ba...",
      "success": true
    },
    {
      "time": 33.35383725166321,
      "timestamp": 1744211581.8735082,
      "code_snippet": "!pip install smolagents\nfrom smolagents import Too...",
      "success": true
    },
    {
      "time": 0.05138087272644043,
      "timestamp": 1744211586.183257,
      "code_snippet": "input_value = \"Hello, World!\"\ninstructions = carro...",
      "success": true
    },
    {
      "time": 0.017057180404663086,
      "timestamp": 1744211590.329855,
      "code_snippet": "print(repr(42))",
      "success": true
    }
  ],
  "total_execution_time": 33.47280740737915,
  "num_executions": 4
}