{
  "container_startup_time": 11.268016815185547,
  "code_executions": [
    {
      "time": 0.5549561977386475,
      "timestamp": 1744211558.988102,
      "code_snippet": "\nimport pickle, base64\nvars_dict = pickle.loads(ba...",
      "success": true
    },
    {
      "time": 36.47863507270813,
      "timestamp": 1744211595.47062,
      "code_snippet": "!pip install smolagents\nfrom smolagents import Too...",
      "success": true
    },
    {
      "time": 0.01805901527404785,
      "timestamp": 1744211600.829092,
      "code_snippet": "input_value = \"Hello World\"\ninstructions = carrot(...",
      "success": true
    },
    {
      "time": 0.04721379280090332,
      "timestamp": 1744211604.6868658,
      "code_snippet": "print(repr(42))",
      "success": true
    }
  ],
  "total_execution_time": 37.09886407852173,
  "num_executions": 4
}