{
  "container_startup_time": 8.487910270690918,
  "code_executions": [
    {
      "time": 0.051828861236572266,
      "timestamp": 1744211553.669246,
      "code_snippet": "\nimport pickle, base64\nvars_dict = pickle.loads(ba...",
      "success": true
    },
    {
      "time": 33.391210079193115,
      "timestamp": 1744211587.063508,
      "code_snippet": "!pip install smolagents\nfrom smolagents import Too...",
      "success": true
    },
    {
      "time": 0.010139942169189453,
      "timestamp": 1744211589.638197,
      "code_snippet": "instructions = carrot(input_value=\"Hello World\")\np...",
      "success": true
    },
    {
      "time": 0.06863689422607422,
      "timestamp": 1744211592.311091,
      "code_snippet": "print(repr(42))",
      "success": true
    }
  ],
  "total_execution_time": 33.52181577682495,
  "num_executions": 4
}