{
  "container_startup_time": 18.080408096313477,
  "code_executions": [
    {
      "time": 0.8797998428344727,
      "timestamp": 1744211574.745725,
      "code_snippet": "\nimport pickle, base64\nvars_dict = pickle.loads(ba...",
      "success": true
    },
    {
      "time": 33.961339235305786,
      "timestamp": 1744211608.7085912,
      "code_snippet": "!pip install smolagents\nfrom smolagents import Too...",
      "success": true
    },
    {
      "time": 0.01975393295288086,
      "timestamp": 1744211613.804257,
      "code_snippet": "input_value = \"Hello, World!\"\ninstructions = carro...",
      "success": true
    },
    {
      "time": 0.007970094680786133,
      "timestamp": 1744211623.930291,
      "code_snippet": "print(repr(42))",
      "success": true
    }
  ],
  "total_execution_time": 34.868863105773926,
  "num_executions": 4
}