{
  "container_startup_time": 6.809847831726074,
  "code_executions": [
    {
      "time": 0.40296483039855957,
      "timestamp": 1744211551.083526,
      "code_snippet": "\nimport pickle, base64\nvars_dict = pickle.loads(ba...",
      "success": true
    },
    {
      "time": 34.93778920173645,
      "timestamp": 1744211586.025821,
      "code_snippet": "!pip install smolagents\nfrom smolagents import Too...",
      "success": true
    },
    {
      "time": 0.047921180725097656,
      "timestamp": 1744211591.723661,
      "code_snippet": "instructions = carrot(input_value=\"Hello World\")\np...",
      "success": true
    },
    {
      "time": 0.02462315559387207,
      "timestamp": 1744211603.2095392,
      "code_snippet": "print(repr(42))",
      "success": true
    }
  ],
  "total_execution_time": 35.41329836845398,
  "num_executions": 4
}