{
  "container_startup_time": 16.633546829223633,
  "code_executions": [
    {
      "time": 0.4007411003112793,
      "timestamp": 1744211576.6409988,
      "code_snippet": "\nimport pickle, base64\nvars_dict = pickle.loads(ba...",
      "success": true
    },
    {
      "time": 34.22569012641907,
      "timestamp": 1744211610.868313,
      "code_snippet": "!pip install smolagents\nfrom smolagents import Too...",
      "success": true
    },
    {
      "time": 0.022581100463867188,
      "timestamp": 1744211615.343626,
      "code_snippet": "import random\ninput_value = str(random.randint(1, ...",
      "success": true
    },
    {
      "time": 0.006587028503417969,
      "timestamp": 1744211626.989148,
      "code_snippet": "print(repr(42))",
      "success": true
    }
  ],
  "total_execution_time": 34.65559935569763,
  "num_executions": 4
}