{
  "container_startup_time": 18.05465006828308,
  "code_executions": [
    {
      "time": 0.26155805587768555,
      "timestamp": 1744211578.4752152,
      "code_snippet": "\nimport pickle, base64\nvars_dict = pickle.loads(ba...",
      "success": true
    },
    {
      "time": 33.10288405418396,
      "timestamp": 1744211611.581426,
      "code_snippet": "!pip install smolagents\nfrom smolagents import Too...",
      "success": true
    },
    {
      "time": 0.013967037200927734,
      "timestamp": 1744211635.5629702,
      "code_snippet": "instructions = carrot(input_value=\"Hello World\")\np...",
      "success": true
    },
    {
      "time": 0.015876054763793945,
      "timestamp": 1744211662.386336,
      "code_snippet": "print(repr(42))",
      "success": true
    }
  ],
  "total_execution_time": 33.39428520202637,
  "num_executions": 4
}