{
  "container_startup_time": 14.70690107345581,
  "code_executions": [
    {
      "time": 0.7545731067657471,
      "timestamp": 1744211569.5087712,
      "code_snippet": "\nimport pickle, base64\nvars_dict = pickle.loads(ba...",
      "success": true
    },
    {
      "time": 39.02853870391846,
      "timestamp": 1744211608.5387409,
      "code_snippet": "!pip install smolagents\nfrom smolagents import Too...",
      "success": true
    },
    {
      "time": 0.008603811264038086,
      "timestamp": 1744211622.5965571,
      "code_snippet": "import random\nimport string\n\ndef generate_random_s...",
      "success": true
    },
    {
      "time": 0.00801992416381836,
      "timestamp": 1744211629.1640892,
      "code_snippet": "print(repr(42))",
      "success": true
    }
  ],
  "total_execution_time": 39.79973554611206,
  "num_executions": 4
}