{
  "container_startup_time": 4.225755929946899,
  "code_executions": [
    {
      "time": 0.2628159523010254,
      "timestamp": 1744211545.565589,
      "code_snippet": "\nimport pickle, base64\nvars_dict = pickle.loads(ba...",
      "success": true
    },
    {
      "time": 30.821348905563354,
      "timestamp": 1744211576.3909361,
      "code_snippet": "!pip install smolagents\nfrom smolagents import Too...",
      "success": true
    },
    {
      "time": 0.029561996459960938,
      "timestamp": 1744211579.3372538,
      "code_snippet": "result = carrot(input_value=\"Hello, World!\")\nprint...",
      "success": true
    },
    {
      "time": 0.01553487777709961,
      "timestamp": 1744211583.3873029,
      "code_snippet": "print(repr(42))",
      "success": true
    }
  ],
  "total_execution_time": 31.12926173210144,
  "num_executions": 4
}