{
  "container_startup_time": 10.008239030838013,
  "code_executions": [
    {
      "time": 0.6184999942779541,
      "timestamp": 1744211557.280019,
      "code_snippet": "\nimport pickle, base64\nvars_dict = pickle.loads(ba...",
      "success": true
    },
    {
      "time": 36.50479817390442,
      "timestamp": 1744211593.788609,
      "code_snippet": "!pip install smolagents\nfrom smolagents import Too...",
      "success": true
    },
    {
      "time": 0.021101951599121094,
      "timestamp": 1744211596.351726,
      "code_snippet": "output = carrot(input_value=\"Hello World\")\nprint(o...",
      "success": true
    },
    {
      "time": 0.048536062240600586,
      "timestamp": 1744211600.005225,
      "code_snippet": "print(repr(42))",
      "success": true
    }
  ],
  "total_execution_time": 37.192936182022095,
  "num_executions": 4
}