{
  "container_startup_time": 16.48697590827942,
  "code_executions": [
    {
      "time": 0.4979519844055176,
      "timestamp": 1744211576.0929658,
      "code_snippet": "\nimport pickle, base64\nvars_dict = pickle.loads(ba...",
      "success": true
    },
    {
      "time": 35.330694913864136,
      "timestamp": 1744211611.426164,
      "code_snippet": "!pip install smolagents\nfrom smolagents import Too...",
      "success": true
    },
    {
      "time": 0.008357048034667969,
      "timestamp": 1744211627.105176,
      "code_snippet": "instructions = carrot(input_value=\"Hello World\")\np...",
      "success": true
    },
    {
      "time": 0.023335933685302734,
      "timestamp": 1744211653.025575,
      "code_snippet": "print(repr(42))",
      "success": true
    }
  ],
  "total_execution_time": 35.860339879989624,
  "num_executions": 4
}