{
  "container_startup_time": 6.587715148925781,
  "code_executions": [
    {
      "time": 0.0785980224609375,
      "timestamp": 1744211550.02025,
      "code_snippet": "\nimport pickle, base64\nvars_dict = pickle.loads(ba...",
      "success": true
    },
    {
      "time": 34.50320100784302,
      "timestamp": 1744211584.5265841,
      "code_snippet": "!pip install smolagents\nfrom smolagents import Too...",
      "success": true
    },
    {
      "time": 0.012456893920898438,
      "timestamp": 1744211587.180266,
      "code_snippet": "import random\ninput_value = str(random.randint(1, ...",
      "success": true
    },
    {
      "time": 0.02665114402770996,
      "timestamp": 1744211591.1743512,
      "code_snippet": "print(repr(42))",
      "success": true
    }
  ],
  "total_execution_time": 34.62090706825256,
  "num_executions": 4
}