{
  "container_startup_time": 8.768866062164307,
  "code_executions": [
    {
      "time": 0.5709719657897949,
      "timestamp": 1744211556.249259,
      "code_snippet": "\nimport pickle, base64\nvars_dict = pickle.loads(ba...",
      "success": true
    },
    {
      "time": 34.732035636901855,
      "timestamp": 1744211590.984746,
      "code_snippet": "!pip install smolagents\nfrom smolagents import Too...",
      "success": true
    },
    {
      "time": 0.030616044998168945,
      "timestamp": 1744211597.9066198,
      "code_snippet": "instructions = carrot(input_value=\"Hello World\")\np...",
      "success": true
    },
    {
      "time": 0.06258487701416016,
      "timestamp": 1744211607.4674869,
      "code_snippet": "print(repr(42))",
      "success": true
    }
  ],
  "total_execution_time": 35.39620852470398,
  "num_executions": 4
}