{
  "container_startup_time": 13.956240892410278,
  "code_executions": [
    {
      "time": 0.6295490264892578,
      "timestamp": 1744211564.569602,
      "code_snippet": "\nimport pickle, base64\nvars_dict = pickle.loads(ba...",
      "success": true
    },
    {
      "time": 32.15658903121948,
      "timestamp": 1744211596.729604,
      "code_snippet": "!pip install smolagents\nfrom smolagents import Too...",
      "success": true
    },
    {
      "time": 0.034670114517211914,
      "timestamp": 1744211601.492429,
      "code_snippet": "output = carrot(input_value=\"hello\")\nprint(output)",
      "success": true
    },
    {
      "time": 0.021839141845703125,
      "timestamp": 1744211605.007547,
      "code_snippet": "print(repr(42))",
      "success": true
    }
  ],
  "total_execution_time": 32.842647314071655,
  "num_executions": 4
}