{
  "container_startup_time": 17.19632577896118,
  "code_executions": [
    {
      "time": 0.7200119495391846,
      "timestamp": 1744211570.168792,
      "code_snippet": "\nimport pickle, base64\nvars_dict = pickle.loads(ba...",
      "success": true
    },
    {
      "time": 37.72201704978943,
      "timestamp": 1744211607.89485,
      "code_snippet": "!pip install smolagents\nfrom smolagents import Too...",
      "success": true
    },
    {
      "time": 0.007736921310424805,
      "timestamp": 1744211612.832318,
      "code_snippet": "input_value = \"Hello World\"\ninstructions = carrot(...",
      "success": true
    },
    {
      "time": 0.005899190902709961,
      "timestamp": 1744211628.325345,
      "code_snippet": "print(repr(42))",
      "success": true
    }
  ],
  "total_execution_time": 38.45566511154175,
  "num_executions": 4
}