{
  "container_startup_time": 17.694753885269165,
  "code_executions": [
    {
      "time": 0.07304978370666504,
      "timestamp": 1744211572.287594,
      "code_snippet": "\nimport pickle, base64\nvars_dict = pickle.loads(ba...",
      "success": true
    },
    {
      "time": 36.972068071365356,
      "timestamp": 1744211609.2610922,
      "code_snippet": "!pip install smolagents\nfrom smolagents import Too...",
      "success": true
    },
    {
      "time": 0.015416145324707031,
      "timestamp": 1744211621.122674,
      "code_snippet": "import random\ninput_value = str(random.randint(1, ...",
      "success": true
    },
    {
      "time": 0.011288881301879883,
      "timestamp": 1744211635.5601301,
      "code_snippet": "print(repr(42))",
      "success": true
    }
  ],
  "total_execution_time": 37.07182288169861,
  "num_executions": 4
}