{
  "container_startup_time": 5.255875110626221,
  "code_executions": [
    {
      "time": 0.18126487731933594,
      "timestamp": 1744211548.035809,
      "code_snippet": "\nimport pickle, base64\nvars_dict = pickle.loads(ba...",
      "success": true
    },
    {
      "time": 33.740962982177734,
      "timestamp": 1744211581.7807539,
      "code_snippet": "!pip install smolagents\nfrom smolagents import Too...",
      "success": true
    },
    {
      "time": 0.010532140731811523,
      "timestamp": 1744211584.0432909,
      "code_snippet": "output = carrot(input_value=\"Hello World\")\nprint(o...",
      "success": true
    },
    {
      "time": 0.06029486656188965,
      "timestamp": 1744211588.798101,
      "code_snippet": "print(repr(42))",
      "success": true
    }
  ],
  "total_execution_time": 33.99305486679077,
  "num_executions": 4
}