{
  "container_startup_time": 17.971476078033447,
  "code_executions": [
    {
      "time": 0.4863438606262207,
      "timestamp": 1744211576.0598888,
      "code_snippet": "\nimport pickle, base64\nvars_dict = pickle.loads(ba...",
      "success": true
    },
    {
      "time": 35.228325843811035,
      "timestamp": 1744211611.2917252,
      "code_snippet": "!pip install smolagents\nfrom smolagents import Too...",
      "success": true
    },
    {
      "time": 0.01909613609313965,
      "timestamp": 1744211621.526716,
      "code_snippet": "import random\ninput_value = str(random.randint(1, ...",
      "success": true
    },
    {
      "time": 0.009386062622070312,
      "timestamp": 1744211626.177932,
      "code_snippet": "print(repr(42))",
      "success": true
    }
  ],
  "total_execution_time": 35.743151903152466,
  "num_executions": 4
}