{
  "container_startup_time": 16.758575201034546,
  "code_executions": [
    {
      "time": 0.40908217430114746,
      "timestamp": 1744211577.041832,
      "code_snippet": "\nimport pickle, base64\nvars_dict = pickle.loads(ba...",
      "success": true
    },
    {
      "time": 34.170536041259766,
      "timestamp": 1744211611.214488,
      "code_snippet": "!pip install smolagents\nfrom smolagents import Too...",
      "success": true
    },
    {
      "time": 0.010028839111328125,
      "timestamp": 1744211621.8708649,
      "code_snippet": "instructions = carrot(input_value=\"Hello, World!\")...",
      "success": true
    },
    {
      "time": 0.021240234375,
      "timestamp": 1744211648.4991739,
      "code_snippet": "print(repr(42))",
      "success": true
    }
  ],
  "total_execution_time": 34.61088728904724,
  "num_executions": 4
}