{
  "container_startup_time": 11.40517783164978,
  "code_executions": [
    {
      "time": 0.7492969036102295,
      "timestamp": 1744211559.575476,
      "code_snippet": "\nimport pickle, base64\nvars_dict = pickle.loads(ba...",
      "success": true
    },
    {
      "time": 36.022671937942505,
      "timestamp": 1744211595.599904,
      "code_snippet": "!pip install smolagents\nfrom smolagents import Too...",
      "success": true
    },
    {
      "time": 0.017045021057128906,
      "timestamp": 1744211599.551359,
      "code_snippet": "import random\ninput_value = str(random.randint(1, ...",
      "success": true
    },
    {
      "time": 0.04017519950866699,
      "timestamp": 1744211606.308536,
      "code_snippet": "print(repr(42))",
      "success": true
    }
  ],
  "total_execution_time": 36.82918906211853,
  "num_executions": 4
}