{
  "container_startup_time": 4.044363975524902,
  "code_executions": [
    {
      "time": 0.09647989273071289,
      "timestamp": 1744211544.203732,
      "code_snippet": "\nimport pickle, base64\nvars_dict = pickle.loads(ba...",
      "success": true
    },
    {
      "time": 31.576445817947388,
      "timestamp": 1744211575.784201,
      "code_snippet": "!pip install smolagents\nfrom smolagents import Too...",
      "success": true
    },
    {
      "time": 0.04035305976867676,
      "timestamp": 1744211578.660504,
      "code_snippet": "result = carrot(input_value=\"Hello World\")\nprint(r...",
      "success": true
    },
    {
      "time": 0.009949207305908203,
      "timestamp": 1744211581.112921,
      "code_snippet": "print(repr(42))",
      "success": true
    }
  ],
  "total_execution_time": 31.723227977752686,
  "num_executions": 4
}