{
  "container_startup_time": 17.330015897750854,
  "code_executions": [
    {
      "time": 0.43304014205932617,
      "timestamp": 1744211577.126107,
      "code_snippet": "\nimport pickle, base64\nvars_dict = pickle.loads(ba...",
      "success": true
    },
    {
      "time": 33.279268980026245,
      "timestamp": 1744211610.409207,
      "code_snippet": "!pip install smolagents\nfrom smolagents import Too...",
      "success": true
    },
    {
      "time": 0.007764101028442383,
      "timestamp": 1744211623.9301682,
      "code_snippet": "output = carrot(input_value=\"hello\")\nprint(output)",
      "success": true
    },
    {
      "time": 0.007228851318359375,
      "timestamp": 1744211638.295459,
      "code_snippet": "print(repr(42))",
      "success": true
    }
  ],
  "total_execution_time": 33.72730207443237,
  "num_executions": 4
}