{
  "container_startup_time": 17.77399492263794,
  "code_executions": [
    {
      "time": 0.7725329399108887,
      "timestamp": 1744211574.888565,
      "code_snippet": "\nimport pickle, base64\nvars_dict = pickle.loads(ba...",
      "success": true
    },
    {
      "time": 34.88494682312012,
      "timestamp": 1744211609.7756102,
      "code_snippet": "!pip install smolagents\nfrom smolagents import Too...",
      "success": true
    },
    {
      "time": 0.012816190719604492,
      "timestamp": 1744211620.89099,
      "code_snippet": "output = carrot(input_value=\"Hello World\")\nprint(o...",
      "success": true
    },
    {
      "time": 0.009197235107421875,
      "timestamp": 1744211630.659949,
      "code_snippet": "print(repr(42))",
      "success": true
    }
  ],
  "total_execution_time": 35.67949318885803,
  "num_executions": 4
}