{
  "container_startup_time": 19.06193208694458,
  "code_executions": [
    {
      "time": 0.5117142200469971,
      "timestamp": 1744211572.32861,
      "code_snippet": "\nimport pickle, base64\nvars_dict = pickle.loads(ba...",
      "success": true
    },
    {
      "time": 37.79794716835022,
      "timestamp": 1744211610.129958,
      "code_snippet": "!pip install smolagents\nfrom smolagents import Too...",
      "success": true
    },
    {
      "time": 0.013602018356323242,
      "timestamp": 1744211618.824409,
      "code_snippet": "instructions = carrot(input_value=\"Hello World\")\np...",
      "success": true
    },
    {
      "time": 0.017539262771606445,
      "timestamp": 1744211632.827577,
      "code_snippet": "print(repr(42))",
      "success": true
    }
  ],
  "total_execution_time": 38.34080266952515,
  "num_executions": 4
}