{
  "container_startup_time": 9.282060146331787,
  "code_executions": [
    {
      "time": 0.7121760845184326,
      "timestamp": 1744211555.6328042,
      "code_snippet": "\nimport pickle, base64\nvars_dict = pickle.loads(ba...",
      "success": true
    },
    {
      "time": 35.24033880233765,
      "timestamp": 1744211590.879709,
      "code_snippet": "!pip install smolagents\nfrom smolagents import Too...",
      "success": true
    },
    {
      "time": 0.0193178653717041,
      "timestamp": 1744211596.344505,
      "code_snippet": "input_value = \"Hello World\"\ninstructions = carrot(...",
      "success": true
    },
    {
      "time": 0.05912017822265625,
      "timestamp": 1744211598.6239371,
      "code_snippet": "print(repr(42))",
      "success": true
    }
  ],
  "total_execution_time": 36.03095293045044,
  "num_executions": 4
}