{
  "container_startup_time": 2.360323905944824,
  "code_executions": [
    {
      "time": 0.08860898017883301,
      "timestamp": 1744211539.714795,
      "code_snippet": "\nimport pickle, base64\nvars_dict = pickle.loads(ba...",
      "success": true
    },
    {
      "time": 16.971585988998413,
      "timestamp": 1744211556.687787,
      "code_snippet": "!pip install smolagents\nfrom smolagents import Too...",
      "success": true
    },
    {
      "time": 0.04128384590148926,
      "timestamp": 1744211559.4638422,
      "code_snippet": "result = carrot(input_value=\"Hello, World!\")\nprint...",
      "success": true
    },
    {
      "time": 0.027408838272094727,
      "timestamp": 1744211563.841164,
      "code_snippet": "print(repr(42))",
      "success": true
    }
  ],
  "total_execution_time": 17.12888765335083,
  "num_executions": 4
}