{
  "container_startup_time": 1.7093267440795898,
  "code_executions": [
    {
      "time": 0.04572486877441406,
      "timestamp": 1744211537.476181,
      "code_snippet": "\nimport pickle, base64\nvars_dict = pickle.loads(ba...",
      "success": true
    },
    {
      "time": 11.627997159957886,
      "timestamp": 1744211549.106518,
      "code_snippet": "!pip install smolagents\nfrom smolagents import Too...",
      "success": true
    },
    {
      "time": 0.027159929275512695,
      "timestamp": 1744211553.836612,
      "code_snippet": "instructions = carrot(input_value=\"Hello World\")\np...",
      "success": true
    },
    {
      "time": 0.05190610885620117,
      "timestamp": 1744211558.249713,
      "code_snippet": "print(repr(42))",
      "success": true
    }
  ],
  "total_execution_time": 11.752788066864014,
  "num_executions": 4
}