{
  "container_startup_time": 17.843174934387207,
  "code_executions": [
    {
      "time": 0.8586349487304688,
      "timestamp": 1744211574.7432692,
      "code_snippet": "\nimport pickle, base64\nvars_dict = pickle.loads(ba...",
      "success": true
    },
    {
      "time": 32.456273794174194,
      "timestamp": 1744211607.201252,
      "code_snippet": "!pip install smolagents\nfrom smolagents import Too...",
      "success": true
    },
    {
      "time": 0.013083696365356445,
      "timestamp": 1744211614.109719,
      "code_snippet": "import random\ninput_value = str(random.randint(1, ...",
      "success": true
    },
    {
      "time": 0.013197898864746094,
      "timestamp": 1744211628.042154,
      "code_snippet": "print(repr(42))",
      "success": true
    }
  ],
  "total_execution_time": 33.341190338134766,
  "num_executions": 4
}