{
  "container_startup_time": 15.633835077285767,
  "code_executions": [
    {
      "time": 1.611954927444458,
      "timestamp": 1744211569.044683,
      "code_snippet": "\nimport pickle, base64\nvars_dict = pickle.loads(ba...",
      "success": true
    },
    {
      "time": 33.2719349861145,
      "timestamp": 1744211602.321184,
      "code_snippet": "!pip install smolagents\nfrom smolagents import Too...",
      "success": true
    },
    {
      "time": 0.04838299751281738,
      "timestamp": 1744211608.1617339,
      "code_snippet": "instructions = carrot(input_value=\"Hello World\")\np...",
      "success": true
    },
    {
      "time": 0.023092031478881836,
      "timestamp": 1744211623.4319239,
      "code_snippet": "print(repr(42))",
      "success": true
    }
  ],
  "total_execution_time": 34.95536494255066,
  "num_executions": 4
}