{
  "container_startup_time": 7.631839990615845,
  "code_executions": [
    {
      "time": 0.4679560661315918,
      "timestamp": 1744211468.6982899,
      "code_snippet": "\nimport pickle, base64\nvars_dict = pickle.loads(ba...",
      "success": true
    },
    {
      "time": 16.02597403526306,
      "timestamp": 1744211484.727593,
      "code_snippet": "!pip install smolagents\nfrom smolagents import Too...",
      "success": true
    },
    {
      "time": 0.014707088470458984,
      "timestamp": 1744211494.911194,
      "code_snippet": "import random\nimport string\n\ndef generate_random_s...",
      "success": true
    },
    {
      "time": 0.01630091667175293,
      "timestamp": 1744211502.796424,
      "code_snippet": "print(repr(42))",
      "success": true
    }
  ],
  "total_execution_time": 16.524938106536865,
  "num_executions": 4
}