{
  "container_startup_time": 2.7830631732940674,
  "code_executions": [
    {
      "time": 0.08243680000305176,
      "timestamp": 1744211444.364759,
      "code_snippet": "\nimport pickle, base64\nvars_dict = pickle.loads(ba...",
      "success": true
    },
    {
      "time": 17.18607807159424,
      "timestamp": 1744211461.558214,
      "code_snippet": "!pip install smolagents\nfrom smolagents import Too...",
      "success": true
    },
    {
      "time": 0.031166791915893555,
      "timestamp": 1744211464.599831,
      "code_snippet": "instructions = carrot(input_value=\"hello\")\nprint(i...",
      "success": true
    },
    {
      "time": 0.03335404396057129,
      "timestamp": 1744211469.61004,
      "code_snippet": "print(repr(42))",
      "success": true
    }
  ],
  "total_execution_time": 17.333035707473755,
  "num_executions": 4
}