{
  "container_startup_time": 2.005246877670288,
  "code_executions": [
    {
      "time": 0.05080699920654297,
      "timestamp": 1744211432.47522,
      "code_snippet": "\nimport pickle, base64\nvars_dict = pickle.loads(ba...",
      "success": true
    },
    {
      "time": 11.295354843139648,
      "timestamp": 1744211443.772002,
      "code_snippet": "!pip install smolagents\nfrom smolagents import Too...",
      "success": true
    },
    {
      "time": 0.0329279899597168,
      "timestamp": 1744211450.696636,
      "code_snippet": "input_value = \"hello\"\ninstructions = carrot(input_...",
      "success": true
    },
    {
      "time": 0.016521930694580078,
      "timestamp": 1744211461.035918,
      "code_snippet": "print(repr(42))",
      "success": true
    }
  ],
  "total_execution_time": 11.395611763000488,
  "num_executions": 4
}