{
  "container_startup_time": 2.3685731887817383,
  "code_executions": [
    {
      "time": 0.046540021896362305,
      "timestamp": 1744211436.347472,
      "code_snippet": "\nimport pickle, base64\nvars_dict = pickle.loads(ba...",
      "success": true
    },
    {
      "time": 12.165513277053833,
      "timestamp": 1744211448.5150669,
      "code_snippet": "!pip install smolagents\nfrom smolagents import Too...",
      "success": true
    },
    {
      "time": 0.036147117614746094,
      "timestamp": 1744211457.7833002,
      "code_snippet": "import random\ninput_value = str(random.randint(1, ...",
      "success": true
    },
    {
      "time": 0.030997037887573242,
      "timestamp": 1744211463.038702,
      "code_snippet": "print(repr(42))",
      "success": true
    }
  ],
  "total_execution_time": 12.279197454452515,
  "num_executions": 4
}