{
  "container_startup_time": 6.405623197555542,
  "code_executions": [
    {
      "time": 0.2147519588470459,
      "timestamp": 1744211461.688792,
      "code_snippet": "\nimport pickle, base64\nvars_dict = pickle.loads(ba...",
      "success": true
    },
    {
      "time": 17.86128878593445,
      "timestamp": 1744211479.55549,
      "code_snippet": "!pip install smolagents\nfrom smolagents import Too...",
      "success": true
    },
    {
      "time": 0.01450490951538086,
      "timestamp": 1744211486.004597,
      "code_snippet": "result = carrot(input_value=\"Hello World\")\nprint(r...",
      "success": true
    },
    {
      "time": 0.05466914176940918,
      "timestamp": 1744211493.725277,
      "code_snippet": "print(repr(42))",
      "success": true
    }
  ],
  "total_execution_time": 18.145214796066284,
  "num_executions": 4
}