{
  "container_startup_time": 1.8643829822540283,
  "code_executions": [
    {
      "time": 0.04588913917541504,
      "timestamp": 1744211430.293144,
      "code_snippet": "\nimport pickle, base64\nvars_dict = pickle.loads(ba...",
      "success": true
    },
    {
      "time": 9.110990047454834,
      "timestamp": 1744211439.4059572,
      "code_snippet": "!pip install smolagents\nfrom smolagents import Too...",
      "success": true
    },
    {
      "time": 0.03553175926208496,
      "timestamp": 1744211445.1648839,
      "code_snippet": "input_value = \"Hello\"\ninstructions = carrot(input_...",
      "success": true
    },
    {
      "time": 0.013274908065795898,
      "timestamp": 1744211453.547626,
      "code_snippet": "print(repr(42))",
      "success": true
    }
  ],
  "total_execution_time": 9.20568585395813,
  "num_executions": 4
}