{
  "container_startup_time": 8.9774489402771,
  "code_executions": [
    {
      "time": 0.05971717834472656,
      "timestamp": 1744211472.64917,
      "code_snippet": "\nimport pickle, base64\nvars_dict = pickle.loads(ba...",
      "success": true
    },
    {
      "time": 13.728437900543213,
      "timestamp": 1744211486.3801641,
      "code_snippet": "!pip install smolagents\nfrom smolagents import Too...",
      "success": true
    },
    {
      "time": 0.0048961639404296875,
      "timestamp": 1744211493.9858181,
      "code_snippet": "instructions = carrot(input_value=\"hello\")\nprint(i...",
      "success": true
    },
    {
      "time": 0.006009817123413086,
      "timestamp": 1744211503.132096,
      "code_snippet": "print(repr(42))",
      "success": true
    }
  ],
  "total_execution_time": 13.799061059951782,
  "num_executions": 4
}