{
  "container_startup_time": 2.286421060562134,
  "code_executions": [
    {
      "time": 0.045786142349243164,
      "timestamp": 1744211436.77383,
      "code_snippet": "\nimport pickle, base64\nvars_dict = pickle.loads(ba...",
      "success": true
    },
    {
      "time": 10.557889223098755,
      "timestamp": 1744211447.335684,
      "code_snippet": "!pip install smolagents\nfrom smolagents import Too...",
      "success": true
    },
    {
      "time": 0.061602115631103516,
      "timestamp": 1744211456.422973,
      "code_snippet": "result = carrot(input_value=\"Hello World\")\nprint(r...",
      "success": true
    },
    {
      "time": 0.03412294387817383,
      "timestamp": 1744211468.1520991,
      "code_snippet": "print(repr(42))",
      "success": true
    }
  ],
  "total_execution_time": 10.699400424957275,
  "num_executions": 4
}