{
  "container_startup_time": 4.820657968521118,
  "code_executions": [
    {
      "time": 0.2802259922027588,
      "timestamp": 1744211448.616079,
      "code_snippet": "\nimport pickle, base64\nvars_dict = pickle.loads(ba...",
      "success": true
    },
    {
      "time": 16.496645212173462,
      "timestamp": 1744211465.114626,
      "code_snippet": "!pip install smolagents\nfrom smolagents import Too...",
      "success": true
    },
    {
      "time": 0.022156953811645508,
      "timestamp": 1744211470.110873,
      "code_snippet": "result = carrot(input_value=\"Hello World\")\nprint(r...",
      "success": true
    },
    {
      "time": 0.005853891372680664,
      "timestamp": 1744211479.680883,
      "code_snippet": "print(repr(42))",
      "success": true
    }
  ],
  "total_execution_time": 16.804882049560547,
  "num_executions": 4
}