{
  "container_startup_time": 4.711140871047974,
  "code_executions": [
    {
      "time": 0.09004092216491699,
      "timestamp": 1744211451.826464,
      "code_snippet": "\nimport pickle, base64\nvars_dict = pickle.loads(ba...",
      "success": true
    },
    {
      "time": 18.265305995941162,
      "timestamp": 1744211470.095159,
      "code_snippet": "!pip install smolagents\nfrom smolagents import Too...",
      "success": true
    },
    {
      "time": 0.012239217758178711,
      "timestamp": 1744211473.558136,
      "code_snippet": "instructions = carrot(input_value=\"Hello World\")\np...",
      "success": true
    },
    {
      "time": 0.03448605537414551,
      "timestamp": 1744211480.7686558,
      "code_snippet": "print(repr(42))",
      "success": true
    }
  ],
  "total_execution_time": 18.402072191238403,
  "num_executions": 4
}