{
  "container_startup_time": 5.448951005935669,
  "code_executions": [
    {
      "time": 0.1495652198791504,
      "timestamp": 1744211458.656296,
      "code_snippet": "\nimport pickle, base64\nvars_dict = pickle.loads(ba...",
      "success": true
    },
    {
      "time": 19.86904811859131,
      "timestamp": 1744211478.531727,
      "code_snippet": "!pip install smolagents\nfrom smolagents import Too...",
      "success": true
    },
    {
      "time": 0.010679006576538086,
      "timestamp": 1744211486.151998,
      "code_snippet": "import random\nimport string\n\ndef generate_random_s...",
      "success": true
    },
    {
      "time": 0.0070648193359375,
      "timestamp": 1744211490.819071,
      "code_snippet": "print(repr(42))",
      "success": true
    }
  ],
  "total_execution_time": 20.036357164382935,
  "num_executions": 4
}