{
  "container_startup_time": 5.2359490394592285,
  "code_executions": [
    {
      "time": 0.1907062530517578,
      "timestamp": 1744211453.951582,
      "code_snippet": "\nimport pickle, base64\nvars_dict = pickle.loads(ba...",
      "success": true
    },
    {
      "time": 18.914552211761475,
      "timestamp": 1744211472.870045,
      "code_snippet": "!pip install smolagents\nfrom smolagents import Too...",
      "success": true
    },
    {
      "time": 0.011441946029663086,
      "timestamp": 1744211478.467082,
      "code_snippet": "input_value = \"Hello World\"\ninstructions = carrot(...",
      "success": true
    },
    {
      "time": 0.012198925018310547,
      "timestamp": 1744211487.188768,
      "code_snippet": "print(repr(42))",
      "success": true
    }
  ],
  "total_execution_time": 19.128899335861206,
  "num_executions": 4
}