{
  "container_startup_time": 1.6418156623840332,
  "code_executions": [
    {
      "time": 0.04924416542053223,
      "timestamp": 1744211423.5202281,
      "code_snippet": "\nimport pickle, base64\nvars_dict = pickle.loads(ba...",
      "success": true
    },
    {
      "time": 6.923409938812256,
      "timestamp": 1744211430.4456809,
      "code_snippet": "!pip install smolagents\nfrom smolagents import Too...",
      "success": true
    },
    {
      "time": 0.015616893768310547,
      "timestamp": 1744211434.50075,
      "code_snippet": "import random\ninput_value = str(random.randint(1, ...",
      "success": true
    },
    {
      "time": 0.007131099700927734,
      "timestamp": 1744211441.129806,
      "code_snippet": "print(repr(42))",
      "success": true
    }
  ],
  "total_execution_time": 6.995402097702026,
  "num_executions": 4
}