{
  "container_startup_time": 6.831157922744751,
  "code_executions": [
    {
      "time": 0.3218059539794922,
      "timestamp": 1744211471.266036,
      "code_snippet": "\nimport pickle, base64\nvars_dict = pickle.loads(ba...",
      "success": true
    },
    {
      "time": 14.900190830230713,
      "timestamp": 1744211486.168308,
      "code_snippet": "!pip install smolagents\nfrom smolagents import Too...",
      "success": true
    },
    {
      "time": 0.006890058517456055,
      "timestamp": 1744211496.742542,
      "code_snippet": "result = carrot(input_value=\"Hello\")\nprint(result)",
      "success": true
    },
    {
      "time": 0.016078948974609375,
      "timestamp": 1744211507.301472,
      "code_snippet": "print(repr(42))",
      "success": true
    }
  ],
  "total_execution_time": 15.24496579170227,
  "num_executions": 4
}