{
  "container_startup_time": 1.6497337818145752,
  "code_executions": [
    {
      "time": 0.04447793960571289,
      "timestamp": 1744211423.0242682,
      "code_snippet": "\nimport pickle, base64\nvars_dict = pickle.loads(ba...",
      "success": true
    },
    {
      "time": 5.205608129501343,
      "timestamp": 1744211428.231314,
      "code_snippet": "!pip install smolagents\nfrom smolagents import Too...",
      "success": true
    },
    {
      "time": 0.014034032821655273,
      "timestamp": 1744211440.388011,
      "code_snippet": "instructions = carrot(input_value=\"hello\")\nprint(i...",
      "success": true
    },
    {
      "time": 0.021587848663330078,
      "timestamp": 1744211444.781172,
      "code_snippet": "print(repr(42))",
      "success": true
    }
  ],
  "total_execution_time": 5.285707950592041,
  "num_executions": 4
}