{
  "container_startup_time": 1.6217219829559326,
  "code_executions": [
    {
      "time": 0.04473400115966797,
      "timestamp": 1744211421.4851022,
      "code_snippet": "\nimport pickle, base64\nvars_dict = pickle.loads(ba...",
      "success": true
    },
    {
      "time": 5.317885875701904,
      "timestamp": 1744211426.8043861,
      "code_snippet": "!pip install smolagents\nfrom smolagents import Too...",
      "success": true
    },
    {
      "time": 0.02878117561340332,
      "timestamp": 1744211434.1831849,
      "code_snippet": "import random\ninput_value = str(random.randint(1, ...",
      "success": true
    },
    {
      "time": 0.02811908721923828,
      "timestamp": 1744211442.538476,
      "code_snippet": "print(repr(42))",
      "success": true
    }
  ],
  "total_execution_time": 5.419520139694214,
  "num_executions": 4
}