{
  "container_startup_time": 7.021706819534302,
  "code_executions": [
    {
      "time": 0.24289393424987793,
      "timestamp": 1744211473.9177501,
      "code_snippet": "\nimport pickle, base64\nvars_dict = pickle.loads(ba...",
      "success": true
    },
    {
      "time": 13.591103076934814,
      "timestamp": 1744211487.519094,
      "code_snippet": "!pip install smolagents\nfrom smolagents import Too...",
      "success": true
    },
    {
      "time": 0.007288694381713867,
      "timestamp": 1744211502.070955,
      "code_snippet": "import random\nimport string\n\ndef generate_random_s...",
      "success": true
    },
    {
      "time": 0.007963895797729492,
      "timestamp": 1744211513.783,
      "code_snippet": "print(repr(42))",
      "success": true
    }
  ],
  "total_execution_time": 13.849249601364136,
  "num_executions": 4
}