{
  "container_startup_time": 6.484802007675171,
  "code_executions": [
    {
      "time": 0.36123013496398926,
      "timestamp": 1744211475.503597,
      "code_snippet": "\nimport pickle, base64\nvars_dict = pickle.loads(ba...",
      "success": true
    },
    {
      "time": 12.632898092269897,
      "timestamp": 1744211488.137892,
      "code_snippet": "!pip install smolagents\nfrom smolagents import Too...",
      "success": true
    },
    {
      "time": 0.00632786750793457,
      "timestamp": 1744211500.7372348,
      "code_snippet": "instructions = carrot(input_value=\"hello\")\nprint(i...",
      "success": true
    },
    {
      "time": 0.006659030914306641,
      "timestamp": 1744211511.165098,
      "code_snippet": "print(repr(42))",
      "success": true
    }
  ],
  "total_execution_time": 13.007115125656128,
  "num_executions": 4
}