{
  "container_startup_time": 1.6950318813323975,
  "code_executions": [
    {
      "time": 0.05740976333618164,
      "timestamp": 1744211425.6024718,
      "code_snippet": "\nimport pickle, base64\nvars_dict = pickle.loads(ba...",
      "success": true
    },
    {
      "time": 6.843744993209839,
      "timestamp": 1744211432.4476511,
      "code_snippet": "!pip install smolagents\nfrom smolagents import Too...",
      "success": true
    },
    {
      "time": 0.013725757598876953,
      "timestamp": 1744211438.239243,
      "code_snippet": "instructions = carrot(input_value=\"hello\")\nprint(i...",
      "success": true
    },
    {
      "time": 0.013171911239624023,
      "timestamp": 1744211442.982661,
      "code_snippet": "print(repr(42))",
      "success": true
    }
  ],
  "total_execution_time": 6.9280524253845215,
  "num_executions": 4
}