{
  "container_startup_time": 7.165663003921509,
  "code_executions": [
    {
      "time": 0.20391511917114258,
      "timestamp": 1744211473.495279,
      "code_snippet": "\nimport pickle, base64\nvars_dict = pickle.loads(ba...",
      "success": true
    },
    {
      "time": 13.268884897232056,
      "timestamp": 1744211486.769242,
      "code_snippet": "!pip install smolagents\nfrom smolagents import Too...",
      "success": true
    },
    {
      "time": 0.007179975509643555,
      "timestamp": 1744211498.6336179,
      "code_snippet": "import random\nimport string\n\ndef generate_random_s...",
      "success": true
    },
    {
      "time": 0.00698089599609375,
      "timestamp": 1744211505.550407,
      "code_snippet": "print(repr(42))",
      "success": true
    }
  ],
  "total_execution_time": 13.486960887908936,
  "num_executions": 4
}