{
  "container_startup_time": 7.46911096572876,
  "code_executions": [
    {
      "time": 0.2484569549560547,
      "timestamp": 1744211465.3203561,
      "code_snippet": "\nimport pickle, base64\nvars_dict = pickle.loads(ba...",
      "success": true
    },
    {
      "time": 17.27182698249817,
      "timestamp": 1744211482.59537,
      "code_snippet": "!pip install smolagents\nfrom smolagents import Too...",
      "success": true
    },
    {
      "time": 0.01283717155456543,
      "timestamp": 1744211497.562498,
      "code_snippet": "input_value = \"Hello World\"\ninstructions = carrot(...",
      "success": true
    },
    {
      "time": 0.007331132888793945,
      "timestamp": 1744211513.630399,
      "code_snippet": "print(repr(42))",
      "success": true
    }
  ],
  "total_execution_time": 17.540452241897583,
  "num_executions": 4
}