{
  "container_startup_time": 2.2426037788391113,
  "code_executions": [
    {
      "time": 0.04528307914733887,
      "timestamp": 1744211439.762744,
      "code_snippet": "\nimport pickle, base64\nvars_dict = pickle.loads(ba...",
      "success": true
    },
    {
      "time": 13.938589811325073,
      "timestamp": 1744211453.707319,
      "code_snippet": "!pip install smolagents\nfrom smolagents import Too...",
      "success": true
    },
    {
      "time": 0.015542984008789062,
      "timestamp": 1744211456.8263621,
      "code_snippet": "input_value = \"Hello World\"\ninstructions = carrot(...",
      "success": true
    },
    {
      "time": 0.02926492691040039,
      "timestamp": 1744211459.334645,
      "code_snippet": "print(repr(42))",
      "success": true
    }
  ],
  "total_execution_time": 14.028680801391602,
  "num_executions": 4
}