{
  "container_startup_time": 2.703594207763672,
  "code_executions": [
    {
      "time": 0.1760859489440918,
      "timestamp": 1744211443.892416,
      "code_snippet": "\nimport pickle, base64\nvars_dict = pickle.loads(ba...",
      "success": true
    },
    {
      "time": 15.79488492012024,
      "timestamp": 1744211459.691115,
      "code_snippet": "!pip install smolagents\nfrom smolagents import Too...",
      "success": true
    },
    {
      "time": 0.03468894958496094,
      "timestamp": 1744211466.6428201,
      "code_snippet": "output = carrot(input_value=\"Hello World\")\nprint(o...",
      "success": true
    },
    {
      "time": 0.01829671859741211,
      "timestamp": 1744211471.316818,
      "code_snippet": "print(repr(42))",
      "success": true
    }
  ],
  "total_execution_time": 16.023956537246704,
  "num_executions": 4
}