{
  "container_startup_time": 5.750383138656616,
  "code_executions": [
    {
      "time": 0.39301562309265137,
      "timestamp": 1744211465.248082,
      "code_snippet": "\nimport pickle, base64\nvars_dict = pickle.loads(ba...",
      "success": true
    },
    {
      "time": 17.614086151123047,
      "timestamp": 1744211482.866407,
      "code_snippet": "!pip install smolagents\nfrom smolagents import Too...",
      "success": true
    },
    {
      "time": 0.016115903854370117,
      "timestamp": 1744211489.386693,
      "code_snippet": "input_value = \"hello\"\ninstructions = carrot(input_...",
      "success": true
    },
    {
      "time": 0.00963592529296875,
      "timestamp": 1744211501.3539321,
      "code_snippet": "print(repr(42))",
      "success": true
    }
  ],
  "total_execution_time": 18.032853603363037,
  "num_executions": 4
}