{
  "container_startup_time": 6.6117308139801025,
  "code_executions": [
    {
      "time": 0.11497712135314941,
      "timestamp": 1744211474.8709419,
      "code_snippet": "\nimport pickle, base64\nvars_dict = pickle.loads(ba...",
      "success": true
    },
    {
      "time": 12.79105520248413,
      "timestamp": 1744211487.6633332,
      "code_snippet": "!pip install smolagents\nfrom smolagents import Too...",
      "success": true
    },
    {
      "time": 0.011034965515136719,
      "timestamp": 1744211495.3961961,
      "code_snippet": "import random\nimport string\n\ndef generate_random_s...",
      "success": true
    },
    {
      "time": 0.01613593101501465,
      "timestamp": 1744211506.175018,
      "code_snippet": "print(repr(42))",
      "success": true
    }
  ],
  "total_execution_time": 12.933203220367432,
  "num_executions": 4
}