{
  "container_startup_time": 1.864530324935913,
  "code_executions": [
    {
      "time": 0.04709124565124512,
      "timestamp": 1744211426.2633789,
      "code_snippet": "\nimport pickle, base64\nvars_dict = pickle.loads(ba...",
      "success": true
    },
    {
      "time": 6.582879304885864,
      "timestamp": 1744211432.8507168,
      "code_snippet": "!pip install smolagents\nfrom smolagents import Too...",
      "success": true
    },
    {
      "time": 0.013895988464355469,
      "timestamp": 1744211437.514647,
      "code_snippet": "instructions = carrot(input_value=\"hello\")\nprint(i...",
      "success": true
    },
    {
      "time": 0.009299039840698242,
      "timestamp": 1744211445.884351,
      "code_snippet": "print(repr(42))",
      "success": true
    }
  ],
  "total_execution_time": 6.653165578842163,
  "num_executions": 4
}