{
  "run_id": "20250415_185118",
  "rate": 1.0,
  "start_time": 1744735878.269877,
  "end_time": 1744735922.662782,
  "total_duration": 44.39290499687195,
  "tasks": [],
  "total_tasks": 7,
  "unique_tasks": 7,
  "successful_tasks": 7,
  "failed_tasks": 0
}