{
  "container_startup_time": 1.7581281661987305,
  "code_executions": [
    {
      "time": 0.05572700500488281,
      "timestamp": 1744210654.054989,
      "code_snippet": "\nimport pickle, base64\nvars_dict = pickle.loads(ba...",
      "success": true
    },
    {
      "time": 5.090795040130615,
      "timestamp": 1744210659.148363,
      "code_snippet": "!pip install smolagents\nfrom typing import Any, Op...",
      "success": true
    },
    {
      "time": 0.010203123092651367,
      "timestamp": 1744210661.7379909,
      "code_snippet": "input_value = \"Hello World\"\ninstructions = carrot(...",
      "success": true
    },
    {
      "time": 0.011196136474609375,
      "timestamp": 1744210666.545795,
      "code_snippet": "print(repr(42))",
      "success": true
    }
  ],
  "total_execution_time": 5.167921304702759,
  "num_executions": 4
}