{
  "container_startup_time": 1.6780688762664795,
  "code_executions": [
    {
      "time": 0.05217385292053223,
      "timestamp": 1744210603.8530638,
      "code_snippet": "\nimport pickle, base64\nvars_dict = pickle.loads(ba...",
      "success": true
    },
    {
      "time": 4.903516054153442,
      "timestamp": 1744210608.7589052,
      "code_snippet": "!pip install smolagents\nfrom typing import Any, Op...",
      "success": true
    },
    {
      "time": 0.006220102310180664,
      "timestamp": 1744210612.9363258,
      "code_snippet": "input_value = \"Hello World\"\noutput = carrot(input_...",
      "success": true
    },
    {
      "time": 0.005586862564086914,
      "timestamp": 1744210615.164555,
      "code_snippet": "print(repr(42))",
      "success": true
    }
  ],
  "total_execution_time": 4.967496871948242,
  "num_executions": 4
}