{
  "container_startup_time": 1.7118358612060547,
  "code_executions": [
    {
      "time": 0.04372692108154297,
      "timestamp": 1744210645.9835079,
      "code_snippet": "\nimport pickle, base64\nvars_dict = pickle.loads(ba...",
      "success": true
    },
    {
      "time": 4.993783235549927,
      "timestamp": 1744210650.97866,
      "code_snippet": "!pip install smolagents\nfrom typing import Any, Op...",
      "success": true
    },
    {
      "time": 0.007470130920410156,
      "timestamp": 1744210653.85244,
      "code_snippet": "result = carrot(input_value=\"Hello World\")\nprint(r...",
      "success": true
    },
    {
      "time": 0.007140159606933594,
      "timestamp": 1744210659.77708,
      "code_snippet": "print(repr(42))",
      "success": true
    }
  ],
  "total_execution_time": 5.0521204471588135,
  "num_executions": 4
}