{
  "container_startup_time": 1.7034087181091309,
  "code_executions": [
    {
      "time": 0.04367780685424805,
      "timestamp": 1744210589.808792,
      "code_snippet": "\nimport pickle, base64\nvars_dict = pickle.loads(ba...",
      "success": true
    },
    {
      "time": 4.720147132873535,
      "timestamp": 1744210594.5302012,
      "code_snippet": "!pip install smolagents\nfrom typing import Any, Op...",
      "success": true
    },
    {
      "time": 0.0065991878509521484,
      "timestamp": 1744210604.899675,
      "code_snippet": "import random\ninput_value = str(random.randint(1, ...",
      "success": true
    },
    {
      "time": 0.007425069808959961,
      "timestamp": 1744210611.989714,
      "code_snippet": "print(repr(42))",
      "success": true
    }
  ],
  "total_execution_time": 4.777849197387695,
  "num_executions": 4
}