{
  "container_startup_time": 1.7321748733520508,
  "code_executions": [
    {
      "time": 0.045411109924316406,
      "timestamp": 1744210650.012258,
      "code_snippet": "\nimport pickle, base64\nvars_dict = pickle.loads(ba...",
      "success": true
    },
    {
      "time": 5.189162969589233,
      "timestamp": 1744210655.205927,
      "code_snippet": "!pip install smolagents\nfrom typing import Any, Op...",
      "success": true
    },
    {
      "time": 0.0071070194244384766,
      "timestamp": 1744210659.729999,
      "code_snippet": "result = carrot(input_value=\"Hello World\")\nprint(r...",
      "success": true
    },
    {
      "time": 0.006876230239868164,
      "timestamp": 1744210664.495494,
      "code_snippet": "print(repr(42))",
      "success": true
    }
  ],
  "total_execution_time": 5.2485573291778564,
  "num_executions": 4
}