{
  "container_startup_time": 1.7259070873260498,
  "code_executions": [
    {
      "time": 0.04726290702819824,
      "timestamp": 1744210583.809401,
      "code_snippet": "\nimport pickle, base64\nvars_dict = pickle.loads(ba...",
      "success": true
    },
    {
      "time": 4.5447821617126465,
      "timestamp": 1744210588.3598871,
      "code_snippet": "!pip install smolagents\nfrom typing import Any, Op...",
      "success": true
    },
    {
      "time": 0.006060123443603516,
      "timestamp": 1744210594.719647,
      "code_snippet": "output = carrot(input_value=\"hello\")\nprint(output)",
      "success": true
    },
    {
      "time": 0.01871514320373535,
      "timestamp": 1744210607.1194172,
      "code_snippet": "print(repr(42))",
      "success": true
    }
  ],
  "total_execution_time": 4.616820335388184,
  "num_executions": 4
}