{
  "container_startup_time": 1.789566993713379,
  "code_executions": [
    {
      "time": 0.0451200008392334,
      "timestamp": 1744210648.06333,
      "code_snippet": "\nimport pickle, base64\nvars_dict = pickle.loads(ba...",
      "success": true
    },
    {
      "time": 6.1116719245910645,
      "timestamp": 1744210654.179168,
      "code_snippet": "!pip install smolagents\nfrom typing import Any, Op...",
      "success": true
    },
    {
      "time": 0.03368401527404785,
      "timestamp": 1744210657.2500422,
      "code_snippet": "output = carrot(input_value=\"Hello World\")\nprint(o...",
      "success": true
    },
    {
      "time": 0.005820751190185547,
      "timestamp": 1744210662.2307148,
      "code_snippet": "print(repr(42))",
      "success": true
    }
  ],
  "total_execution_time": 6.196296691894531,
  "num_executions": 4
}