{
  "container_startup_time": 1.7423381805419922,
  "code_executions": [
    {
      "time": 0.043984174728393555,
      "timestamp": 1744210651.0227041,
      "code_snippet": "\nimport pickle, base64\nvars_dict = pickle.loads(ba...",
      "success": true
    },
    {
      "time": 5.550688982009888,
      "timestamp": 1744210656.574744,
      "code_snippet": "!pip install smolagents\nfrom typing import Any, Op...",
      "success": true
    },
    {
      "time": 0.013863325119018555,
      "timestamp": 1744210660.299941,
      "code_snippet": "instructions = carrot(input_value=\"Hello World\")\np...",
      "success": true
    },
    {
      "time": 0.005736112594604492,
      "timestamp": 1744210667.8502011,
      "code_snippet": "print(repr(42))",
      "success": true
    }
  ],
  "total_execution_time": 5.614272594451904,
  "num_executions": 4
}