{
  "container_startup_time": 1.8907089233398438,
  "code_executions": [
    {
      "time": 0.04443168640136719,
      "timestamp": 1744210640.151644,
      "code_snippet": "\nimport pickle, base64\nvars_dict = pickle.loads(ba...",
      "success": true
    },
    {
      "time": 4.699727773666382,
      "timestamp": 1744210644.853672,
      "code_snippet": "!pip install smolagents\nfrom typing import Any, Op...",
      "success": true
    },
    {
      "time": 0.006343841552734375,
      "timestamp": 1744210647.58396,
      "code_snippet": "input_value = \"Hello\"\ninstructions = carrot(input_...",
      "success": true
    },
    {
      "time": 0.008071184158325195,
      "timestamp": 1744210651.775685,
      "code_snippet": "print(repr(42))",
      "success": true
    }
  ],
  "total_execution_time": 4.758574485778809,
  "num_executions": 4
}