{
  "container_startup_time": 1.676785945892334,
  "code_executions": [
    {
      "time": 0.04320788383483887,
      "timestamp": 1744210574.730707,
      "code_snippet": "\nimport pickle, base64\nvars_dict = pickle.loads(ba...",
      "success": true
    },
    {
      "time": 5.663542985916138,
      "timestamp": 1744210580.395542,
      "code_snippet": "!pip install smolagents\nfrom typing import Any, Op...",
      "success": true
    },
    {
      "time": 0.008056163787841797,
      "timestamp": 1744210583.9133282,
      "code_snippet": "input_value = \"Hello World\"\ninstructions = carrot(...",
      "success": true
    },
    {
      "time": 0.006162881851196289,
      "timestamp": 1744210588.993247,
      "code_snippet": "print(repr(42))",
      "success": true
    }
  ],
  "total_execution_time": 5.720969915390015,
  "num_executions": 4
}