{
  "container_startup_time": 1.6737098693847656,
  "code_executions": [
    {
      "time": 0.04413914680480957,
      "timestamp": 1744210620.876555,
      "code_snippet": "\nimport pickle, base64\nvars_dict = pickle.loads(ba...",
      "success": true
    },
    {
      "time": 5.631269216537476,
      "timestamp": 1744210626.5091681,
      "code_snippet": "!pip install smolagents\nfrom typing import Any, Op...",
      "success": true
    },
    {
      "time": 0.007578849792480469,
      "timestamp": 1744210635.804097,
      "code_snippet": "output = carrot(input_value=\"Hello World\")\nprint(o...",
      "success": true
    },
    {
      "time": 0.00612187385559082,
      "timestamp": 1744210643.0920162,
      "code_snippet": "print(repr(42))",
      "success": true
    }
  ],
  "total_execution_time": 5.6891090869903564,
  "num_executions": 4
}