{
  "container_startup_time": 1.638517141342163,
  "code_executions": [
    {
      "time": 0.045603036880493164,
      "timestamp": 1744210580.714358,
      "code_snippet": "\nimport pickle, base64\nvars_dict = pickle.loads(ba...",
      "success": true
    },
    {
      "time": 4.487552881240845,
      "timestamp": 1744210585.205208,
      "code_snippet": "!pip install smolagents\nfrom typing import Any, Op...",
      "success": true
    },
    {
      "time": 0.0054171085357666016,
      "timestamp": 1744210588.914739,
      "code_snippet": "input_value = \"Hello World\"\ninstructions = carrot(...",
      "success": true
    },
    {
      "time": 0.005924701690673828,
      "timestamp": 1744210590.960263,
      "code_snippet": "print(repr(42))",
      "success": true
    }
  ],
  "total_execution_time": 4.544497728347778,
  "num_executions": 4
}