{
  "container_startup_time": 1.7203381061553955,
  "code_executions": [
    {
      "time": 0.04452681541442871,
      "timestamp": 1744210587.818824,
      "code_snippet": "\nimport pickle, base64\nvars_dict = pickle.loads(ba...",
      "success": true
    },
    {
      "time": 4.96138596534729,
      "timestamp": 1744210592.781742,
      "code_snippet": "!pip install smolagents\nfrom typing import Any, Op...",
      "success": true
    },
    {
      "time": 0.007295846939086914,
      "timestamp": 1744210595.9935749,
      "code_snippet": "input_value = \"Hello World\"\ninstructions = carrot(...",
      "success": true
    },
    {
      "time": 0.00627899169921875,
      "timestamp": 1744210598.4400399,
      "code_snippet": "print(repr(42))",
      "success": true
    }
  ],
  "total_execution_time": 5.019487619400024,
  "num_executions": 4
}