{
  "container_startup_time": 1.6737096309661865,
  "code_executions": [
    {
      "time": 0.04565596580505371,
      "timestamp": 1744210571.717464,
      "code_snippet": "\nimport pickle, base64\nvars_dict = pickle.loads(ba...",
      "success": true
    },
    {
      "time": 4.754523038864136,
      "timestamp": 1744210576.4758558,
      "code_snippet": "!pip install smolagents\nfrom typing import Any, Op...",
      "success": true
    },
    {
      "time": 0.0073549747467041016,
      "timestamp": 1744210579.749862,
      "code_snippet": "instructions = carrot(input_value=\"hello\")\nprint(i...",
      "success": true
    },
    {
      "time": 0.00791788101196289,
      "timestamp": 1744210582.1218822,
      "code_snippet": "print(repr(42))",
      "success": true
    }
  ],
  "total_execution_time": 4.8154518604278564,
  "num_executions": 4
}