{
  "container_startup_time": 1.7085721492767334,
  "code_executions": [
    {
      "time": 0.04398512840270996,
      "timestamp": 1744210618.9126332,
      "code_snippet": "\nimport pickle, base64\nvars_dict = pickle.loads(ba...",
      "success": true
    },
    {
      "time": 4.752992153167725,
      "timestamp": 1744210623.6669571,
      "code_snippet": "!pip install smolagents\nfrom typing import Any, Op...",
      "success": true
    },
    {
      "time": 0.008536815643310547,
      "timestamp": 1744210630.558013,
      "code_snippet": "instructions = carrot(input_value=\"Hello, World!\")...",
      "success": true
    },
    {
      "time": 0.0063550472259521484,
      "timestamp": 1744210639.675047,
      "code_snippet": "print(repr(42))",
      "success": true
    }
  ],
  "total_execution_time": 4.811869144439697,
  "num_executions": 4
}