{
  "container_startup_time": 1.789158821105957,
  "code_executions": [
    {
      "time": 0.04407811164855957,
      "timestamp": 1744210641.049688,
      "code_snippet": "\nimport pickle, base64\nvars_dict = pickle.loads(ba...",
      "success": true
    },
    {
      "time": 4.8723719120025635,
      "timestamp": 1744210645.923468,
      "code_snippet": "!pip install smolagents\nfrom typing import Any, Op...",
      "success": true
    },
    {
      "time": 0.006977081298828125,
      "timestamp": 1744210652.6530519,
      "code_snippet": "input_value = \"Hello, world!\"\ninstructions = carro...",
      "success": true
    },
    {
      "time": 0.0068509578704833984,
      "timestamp": 1744210655.004323,
      "code_snippet": "print(repr(42))",
      "success": true
    }
  ],
  "total_execution_time": 4.930278062820435,
  "num_executions": 4
}