{
  "container_startup_time": 1.7950336933135986,
  "code_executions": [
    {
      "time": 0.04488182067871094,
      "timestamp": 1744210637.044843,
      "code_snippet": "\nimport pickle, base64\nvars_dict = pickle.loads(ba...",
      "success": true
    },
    {
      "time": 5.388780832290649,
      "timestamp": 1744210642.437098,
      "code_snippet": "!pip install smolagents\nfrom typing import Any, Op...",
      "success": true
    },
    {
      "time": 0.012441158294677734,
      "timestamp": 1744210644.94399,
      "code_snippet": "input_value = \"Hello World\"\ninstructions = carrot(...",
      "success": true
    },
    {
      "time": 0.01112222671508789,
      "timestamp": 1744210649.859374,
      "code_snippet": "print(repr(42))",
      "success": true
    }
  ],
  "total_execution_time": 5.457226037979126,
  "num_executions": 4
}