{
  "container_startup_time": 1.8062951564788818,
  "code_executions": [
    {
      "time": 0.04546999931335449,
      "timestamp": 1744210609.984225,
      "code_snippet": "\nimport pickle, base64\nvars_dict = pickle.loads(ba...",
      "success": true
    },
    {
      "time": 6.059525728225708,
      "timestamp": 1744210616.046846,
      "code_snippet": "!pip install smolagents\nfrom typing import Any, Op...",
      "success": true
    },
    {
      "time": 0.03517317771911621,
      "timestamp": 1744210619.4766982,
      "code_snippet": "input_value = \"Hello World\"\noutput = carrot(input_...",
      "success": true
    },
    {
      "time": 0.014816045761108398,
      "timestamp": 1744210626.4631622,
      "code_snippet": "print(repr(42))",
      "success": true
    }
  ],
  "total_execution_time": 6.154984951019287,
  "num_executions": 4
}