{
  "container_startup_time": 1.6519818305969238,
  "code_executions": [
    {
      "time": 0.045311927795410156,
      "timestamp": 1744210570.6942132,
      "code_snippet": "\nimport pickle, base64\nvars_dict = pickle.loads(ba...",
      "success": true
    },
    {
      "time": 5.149821996688843,
      "timestamp": 1744210575.846996,
      "code_snippet": "!pip install smolagents\nfrom typing import Any, Op...",
      "success": true
    },
    {
      "time": 0.006246089935302734,
      "timestamp": 1744210579.369104,
      "code_snippet": "instructions = carrot(input_value=\"hello\")\nprint(i...",
      "success": true
    },
    {
      "time": 0.005694150924682617,
      "timestamp": 1744210581.8208158,
      "code_snippet": "print(repr(42))",
      "success": true
    }
  ],
  "total_execution_time": 5.207074165344238,
  "num_executions": 4
}