{
  "container_startup_time": 1.6826529502868652,
  "code_executions": [
    {
      "time": 0.043988943099975586,
      "timestamp": 1744210648.9617121,
      "code_snippet": "\nimport pickle, base64\nvars_dict = pickle.loads(ba...",
      "success": true
    },
    {
      "time": 4.625818967819214,
      "timestamp": 1744210653.588897,
      "code_snippet": "!pip install smolagents\nfrom typing import Any, Op...",
      "success": true
    },
    {
      "time": 0.08398699760437012,
      "timestamp": 1744210658.3166468,
      "code_snippet": "output = carrot(input_value=\"test\")\nprint(output)",
      "success": true
    },
    {
      "time": 0.0054111480712890625,
      "timestamp": 1744210660.989471,
      "code_snippet": "print(repr(42))",
      "success": true
    }
  ],
  "total_execution_time": 4.759206056594849,
  "num_executions": 4
}