{
  "container_startup_time": 1.7899999618530273,
  "code_executions": [
    {
      "time": 0.04487299919128418,
      "timestamp": 1744210663.106534,
      "code_snippet": "\nimport pickle, base64\nvars_dict = pickle.loads(ba...",
      "success": true
    },
    {
      "time": 4.09548807144165,
      "timestamp": 1744210667.2062342,
      "code_snippet": "!pip install smolagents\nfrom typing import Any, Op...",
      "success": true
    },
    {
      "time": 0.006963968276977539,
      "timestamp": 1744210669.7521,
      "code_snippet": "input_value = \"Hello World\"\ninstructions = carrot(...",
      "success": true
    },
    {
      "time": 0.005691051483154297,
      "timestamp": 1744210673.6013792,
      "code_snippet": "print(repr(42))",
      "success": true
    }
  ],
  "total_execution_time": 4.153016090393066,
  "num_executions": 4
}