{
  "container_startup_time": 1.8375389575958252,
  "code_executions": [
    {
      "time": 0.047246694564819336,
      "timestamp": 1744210643.107125,
      "code_snippet": "\nimport pickle, base64\nvars_dict = pickle.loads(ba...",
      "success": true
    },
    {
      "time": 5.809374094009399,
      "timestamp": 1744210648.918078,
      "code_snippet": "!pip install smolagents\nfrom typing import Any, Op...",
      "success": true
    },
    {
      "time": 0.010045051574707031,
      "timestamp": 1744210654.66695,
      "code_snippet": "input_value = \"Hello World\"\ninstructions = carrot(...",
      "success": true
    },
    {
      "time": 0.02536797523498535,
      "timestamp": 1744210659.391488,
      "code_snippet": "print(repr(42))",
      "success": true
    }
  ],
  "total_execution_time": 5.892033815383911,
  "num_executions": 4
}