{
  "container_startup_time": 1.6110401153564453,
  "code_executions": [
    {
      "time": 0.04393720626831055,
      "timestamp": 1744210567.641134,
      "code_snippet": "\nimport pickle, base64\nvars_dict = pickle.loads(ba...",
      "success": true
    },
    {
      "time": 4.60883903503418,
      "timestamp": 1744210572.2515142,
      "code_snippet": "!pip install smolagents\nfrom typing import Any, Op...",
      "success": true
    },
    {
      "time": 0.0077860355377197266,
      "timestamp": 1744210575.077898,
      "code_snippet": "input_value = \"Hello World\"\ninstructions = carrot(...",
      "success": true
    },
    {
      "time": 0.005505084991455078,
      "timestamp": 1744210577.389668,
      "code_snippet": "print(repr(42))",
      "success": true
    }
  ],
  "total_execution_time": 4.666067361831665,
  "num_executions": 4
}