{
  "container_startup_time": 1.7375831604003906,
  "code_executions": [
    {
      "time": 0.04494881629943848,
      "timestamp": 1744210665.064665,
      "code_snippet": "\nimport pickle, base64\nvars_dict = pickle.loads(ba...",
      "success": true
    },
    {
      "time": 4.333189010620117,
      "timestamp": 1744210669.3992178,
      "code_snippet": "!pip install smolagents\nfrom typing import Any, Op...",
      "success": true
    },
    {
      "time": 0.007328033447265625,
      "timestamp": 1744210672.9371278,
      "code_snippet": "input_value = \"Hello World\"\noutput = carrot(input_...",
      "success": true
    },
    {
      "time": 0.06579113006591797,
      "timestamp": 1744210676.1641228,
      "code_snippet": "print(repr(42))",
      "success": true
    }
  ],
  "total_execution_time": 4.451256990432739,
  "num_executions": 4
}