{
  "container_startup_time": 1.7214832305908203,
  "code_executions": [
    {
      "time": 0.04489326477050781,
      "timestamp": 1744210614.911603,
      "code_snippet": "\nimport pickle, base64\nvars_dict = pickle.loads(ba...",
      "success": true
    },
    {
      "time": 8.712046146392822,
      "timestamp": 1744210623.627779,
      "code_snippet": "!pip install smolagents\nfrom typing import Any, Op...",
      "success": true
    },
    {
      "time": 0.025149822235107422,
      "timestamp": 1744210626.411714,
      "code_snippet": "input_value = \"Hello World\"\ninstructions = carrot(...",
      "success": true
    },
    {
      "time": 0.007298946380615234,
      "timestamp": 1744210635.381595,
      "code_snippet": "print(repr(42))",
      "success": true
    }
  ],
  "total_execution_time": 8.789388179779053,
  "num_executions": 4
}