{
  "container_startup_time": 1.757627010345459,
  "code_executions": [
    {
      "time": 0.04420781135559082,
      "timestamp": 1744210644.024579,
      "code_snippet": "\nimport pickle, base64\nvars_dict = pickle.loads(ba...",
      "success": true
    },
    {
      "time": 4.811048984527588,
      "timestamp": 1744210648.8392792,
      "code_snippet": "!pip install smolagents\nfrom typing import Any, Op...",
      "success": true
    },
    {
      "time": 0.013309955596923828,
      "timestamp": 1744210652.432559,
      "code_snippet": "input_value = \"Hello World\"\ninstructions = carrot(...",
      "success": true
    },
    {
      "time": 0.009583711624145508,
      "timestamp": 1744210657.141024,
      "code_snippet": "print(repr(42))",
      "success": true
    }
  ],
  "total_execution_time": 4.878150463104248,
  "num_executions": 4
}