{
  "container_startup_time": 1.858901023864746,
  "code_executions": [
    {
      "time": 0.04518389701843262,
      "timestamp": 1744210611.0378282,
      "code_snippet": "\nimport pickle, base64\nvars_dict = pickle.loads(ba...",
      "success": true
    },
    {
      "time": 4.873658895492554,
      "timestamp": 1744210615.915342,
      "code_snippet": "!pip install smolagents\nfrom typing import Any, Op...",
      "success": true
    },
    {
      "time": 0.01341390609741211,
      "timestamp": 1744210618.8686159,
      "code_snippet": "import random\ninput_value = str(random.randint(1, ...",
      "success": true
    },
    {
      "time": 0.013810157775878906,
      "timestamp": 1744210621.3370712,
      "code_snippet": "print(repr(42))",
      "success": true
    }
  ],
  "total_execution_time": 4.946066856384277,
  "num_executions": 4
}