{
  "container_startup_time": 1.7568049430847168,
  "code_executions": [
    {
      "time": 0.046321868896484375,
      "timestamp": 1744210608.934819,
      "code_snippet": "\nimport pickle, base64\nvars_dict = pickle.loads(ba...",
      "success": true
    },
    {
      "time": 4.920575380325317,
      "timestamp": 1744210613.85987,
      "code_snippet": "!pip install smolagents\nfrom typing import Any, Op...",
      "success": true
    },
    {
      "time": 0.01267099380493164,
      "timestamp": 1744210616.9557672,
      "code_snippet": "import random\ninput_value = str(random.randint(1, ...",
      "success": true
    },
    {
      "time": 0.005982875823974609,
      "timestamp": 1744210624.206712,
      "code_snippet": "print(repr(42))",
      "success": true
    }
  ],
  "total_execution_time": 4.985551118850708,
  "num_executions": 4
}