{
  "container_startup_time": 1.7384719848632812,
  "code_executions": [
    {
      "time": 0.04470705986022949,
      "timestamp": 1744210642.006888,
      "code_snippet": "\nimport pickle, base64\nvars_dict = pickle.loads(ba...",
      "success": true
    },
    {
      "time": 4.968439817428589,
      "timestamp": 1744210646.979593,
      "code_snippet": "!pip install smolagents\nfrom typing import Any, Op...",
      "success": true
    },
    {
      "time": 0.007190704345703125,
      "timestamp": 1744210650.960201,
      "code_snippet": "input_value = \"Hello World\"\ninstructions = carrot(...",
      "success": true
    },
    {
      "time": 0.009974002838134766,
      "timestamp": 1744210655.441877,
      "code_snippet": "print(repr(42))",
      "success": true
    }
  ],
  "total_execution_time": 5.030311584472656,
  "num_executions": 4
}